{
  "project_info": {
    "project_number": "587806949146",
    "project_id": "agriculture-262cc",
    "storage_bucket": "agriculture-262cc.appspot.com"
  },
  "client": [
    {
      "client_info": {
        "mobilesdk_app_id": "1:587806949146:android:20e7f64ce4ba4b35cdf6a3",
        "android_client_info": {
          "package_name": "com.example.agriculture"
        }
      },
      "oauth_client": [],
      "api_key": [
        {
          "current_key": "AIzaSyC0eKxtqWlA1Y_gOElMv4pmrH_dhJ83aH0"
        }
      ],
      "services": {
        "appinvite_service": {
          "other_platform_oauth_client": []
        }
      }
    }
  ],
  "configuration_version": "1"
}